{
  "duration": 45.366637,
  "height": 24,
  "width": 80,
  "version": 1,
  "title": "Crack mot de pass avec john",
  "stdout": [
    [
      0.023816,
      "\u001b]0;root@kali: ~\u0007\u001b[01;31mroot@kali\u001b[00m:\u001b[01;34m~\u001b[00m# "
    ],
    [
      2.0,
      "v"
    ],
    [
      0.124317,
      "i"
    ],
    [
      0.082842,
      "m"
    ],
    [
      0.327271,
      " "
    ],
    [
      0.751687,
      "a"
    ],
    [
      0.460264,
      "_"
    ],
    [
      0.855756,
      "c"
    ],
    [
      0.180582,
      "r"
    ],
    [
      0.081983,
      "a"
    ],
    [
      0.291015,
      "c"
    ],
    [
      0.168166,
      "k"
    ],
    [
      0.085718,
      "e"
    ],
    [
      0.083799,
      "r"
    ],
    [
      1.316213,
      "\r\n"
    ],
    [
      0.072353,
      "\u001b[?1000h"
    ],
    [
      3.6e-05,
      "\u001b[?1049h\u001b[?1h\u001b="
    ],
    [
      3.5e-05,
      "\u001b[2;1H▽\u001b[6n"
    ],
    [
      2.4e-05,
      "\u001b[2;1H  \u001b[1;1H"
    ],
    [
      0.001104,
      "\u001b]11;?\u0007"
    ],
    [
      0.002085,
      "\u001b[1;24r\u001b[?12;25h\u001b[?12l\u001b[?25h\u001b[27m\u001b[23m\u001b[m\u001b[H\u001b[2J\u001b[?25l\u001b[24;1H\"a_cracker\" [New File]"
    ],
    [
      0.001266,
      "\u001b[>c"
    ],
    [
      0.022459,
      "\u001b[2;1H\u001b[94m~                                                                               \u001b[3;1H~                                                                               \u001b[4;1H~                                                                               \u001b[5;1H~                                                                               \u001b[6;1H~                                                                               \u001b[7;1H~                                                                               \u001b[8;1H~                                                                               \u001b[9;1H~                                                                               \u001b[10;1H~                                                                               \u001b[11;1H~                                                                               \u001b[12;1H~                                                                               \u001b[13;1H~                                                              "
    ],
    [
      3.3e-05,
      "                 \u001b[14;1H~                                                                               \u001b[15;1H~                                                                               \u001b[16;1H~                                                                               \u001b[17;1H~                                                                               \u001b[18;1H~                                                                               \u001b[19;1H~                                                                               \u001b[20;1H~                                                                               \u001b[21;1H~                                                                               \u001b[22;1H~                                                                               \u001b[23;1H~                                                                               \u001b[m\u001b[24;63H0,0-1\u001b[9CAll\u001b]2;a_cracker (~) - VIM\u0007"
    ],
    [
      0.000105,
      "\u001b]1;a_cracker\u0007"
    ],
    [
      4.1e-05,
      "\u001b[1;1H\u001b[?12l\u001b[?25h"
    ],
    [
      0.000638,
      "\u001b[27m\u001b[23m\u001b[m\u001b[H\u001b[2J\u001b[?25l\u001b[2;1H\u001b[94m~                                                                               \u001b[3;1H~                                                                               \u001b[4;1H~                                                                               \u001b[5;1H~                                                                               \u001b[6;1H~                                                                               \u001b[7;1H~                                                                               \u001b[8;1H~                                                                               \u001b[9;1H~                                                                               \u001b[10;1H~                                                                               \u001b[11;1H~                                                                               \u001b[12;1H~                                                                               \u001b[13;1H~                                    "
    ],
    [
      1.4e-05,
      "                                           \u001b[14;1H~                                                                               \u001b[15;1H~                                                                               \u001b[16;1H~                                                                               \u001b[17;1H~                                                                               \u001b[18;1H~                                                                               \u001b[19;1H~                                                                               \u001b[20;1H~                                                                               \u001b[21;1H~                                                                               \u001b[22;1H~                                                                               \u001b[23;1H~                                                                               \u001b[m\u001b[24;63H0,0-1\u001b[9CAll\r\"a_cracker\" [New File]\u001b[1;1H\u001b[?1000l\u001b[?1006h\u001b[?1002h\u001b[?1006l\u001b[?1002l"
    ],
    [
      2.6e-05,
      "\u001b[?1006h\u001b[?1002h\u001bP+q436f\u001b\\\u001bP+q6b75\u001b\\\u001bP+q6b64\u001b\\\u001bP+q6b72\u001b\\\u001bP+q6b6c\u001b\\\u001bP+q2332\u001b\\\u001bP+q2334\u001b\\\u001bP+q2569\u001b\\\u001bP+q2a37\u001b\\\u001bP+q6b31\u001b\\"
    ],
    [
      2.3e-05,
      "\u001b[?12l\u001b[?25h"
    ],
    [
      1.017961,
      "\u001b[?25l\u001b[24;53Hi\u001b[1;1H"
    ],
    [
      0.002636,
      "\u001b[24;53H \u001b[1;1H"
    ],
    [
      0.001391,
      "\u001b[24;1H\u001b[1m-- INSERT --\u001b[m\u001b[24;13H\u001b[K\u001b[24;63H0,1\u001b[11CAll"
    ],
    [
      0.002224,
      "\u001b[1;1H\u001b[?12l\u001b[?25h"
    ],
    [
      1.460024,
      "\u001b[?25lp\u001b[24;63H1,2\u001b]2;a_cracker + (~) - VIM\u0007"
    ],
    [
      0.000223,
      "\u001b]1;a_cracker\u0007"
    ],
    [
      0.000186,
      "\u001b[1;2H\u001b[?12l\u001b[?25h"
    ],
    [
      0.080748,
      "\u001b[?25la\u001b[24;65H3\u001b[1;3H\u001b[?12l\u001b[?25h"
    ],
    [
      0.138713,
      "\u001b[?25lb\u001b[24;65H4\u001b[1;4H\u001b[?12l\u001b[?25h"
    ],
    [
      0.174925,
      "\u001b[?25ll\u001b[24;65H5\u001b[1;5H\u001b[?12l\u001b[?25h"
    ],
    [
      0.17307,
      "\u001b[?25lo\u001b[24;65H6\u001b[1;6H\u001b[?12l\u001b[?25h"
    ],
    [
      0.667891,
      "\u001b[?25l:\u001b[24;65H7\u001b[1;7H\u001b[?12l\u001b[?25h"
    ],
    [
      1.241383,
      "\u001b[?1006l\u001b[?1002l"
    ],
    [
      0.002244,
      "\u001b[?1006h\u001b[?1002h"
    ],
    [
      0.001871,
      "\u001b[?1006l\u001b[?1002l"
    ],
    [
      0.002375,
      "\u001b[?1006h\u001b[?1002h"
    ],
    [
      0.001437,
      "\u001b[?1006l\u001b[?1002l"
    ],
    [
      0.002464,
      "\u001b[?1006h\u001b[?1002h"
    ],
    [
      0.002525,
      "\u001b[?25l0d107d09f5bbe40cade3de5c71e9e9b7\u001b[24;65H39\u001b[1;39H\u001b[?12l\u001b[?25h"
    ],
    [
      1.238528,
      "\u001b[24;1H\u001b[K\u001b[1;38H"
    ],
    [
      0.000215,
      "\u001b[?25l\u001b[24;53H^[\u001b[1;38H"
    ],
    [
      0.101244,
